tacas_c2e2_0hz_k4_50000.0clkhz_uniform_OR_sigmoid.hyxml_SAT.drh.o.smt2	/Users/kunalsheth/Documents/new_dreal/nraode_to_nra/VNAMSCwI_satoct11/rolled/0hz_k4_50000.0clkhz_uniform_OR_sigmoid.hyxml_SAT.drh.o.smt2
tacas_c2e2_0hz_k10_50000.0clkhz_uniform_NOR__sigmoid.hyxml_SAT.drh.o.smt2	/Users/kunalsheth/Documents/new_dreal/nraode_to_nra/VNAMSCwI_satoct11/rolled/0hz_k10_50000.0clkhz_uniform_NOR__sigmoid.hyxml_SAT.drh.o.smt2
tacas_c2e2_0hz_k112_20000.0clkhz_hybrid_inverter_sigmoid.hyxml_UNS.drh.o.smt2	/Users/kunalsheth/Documents/new_dreal/nraode_to_nra/VNAMSCwI_satoct11/rolled/0hz_k112_20000.0clkhz_hybrid_inverter_sigmoid.hyxml_UNS.drh.o.smt2
tacas_c2e2_0hz_k14_50000.0clkhz_uniform_NOR__sigmoid.hyxml_SAT.drh.o.smt2	/Users/kunalsheth/Documents/new_dreal/nraode_to_nra/VNAMSCwI_satoct11/rolled/0hz_k14_50000.0clkhz_uniform_NOR__sigmoid.hyxml_SAT.drh.o.smt2
tacas_c2e2_0hz_k16_50000.0clkhz_uniform_NOR__sigmoid.hyxml_SAT.drh.o.smt2	/Users/kunalsheth/Documents/new_dreal/nraode_to_nra/VNAMSCwI_satoct11/rolled/0hz_k16_50000.0clkhz_uniform_NOR__sigmoid.hyxml_SAT.drh.o.smt2
tacas_c2e2_0hz_k12_50000.0clkhz_uniform_NOR_ramp.hyxml_SAT.drh.o.smt2	/Users/kunalsheth/Documents/new_dreal/nraode_to_nra/VNAMSCwI_satoct11/rolled/0hz_k12_50000.0clkhz_uniform_NOR_ramp.hyxml_SAT.drh.o.smt2
tacas_c2e2_0hz_k17_50000.0clkhz_uniform_NOR__sigmoid.hyxml_SAT.drh.o.smt2	/Users/kunalsheth/Documents/new_dreal/nraode_to_nra/VNAMSCwI_satoct11/rolled/0hz_k17_50000.0clkhz_uniform_NOR__sigmoid.hyxml_SAT.drh.o.smt2
1mhz_k70_saradc_3b_nonlinear_10a_15e.smt2	/Users/kunalsheth/Documents/new_dreal/AMS-verification-bundle-of-sticks/saradc/rolled/1mhz_k70_saradc_3b_nonlinear_10a_15e.smt2
1mhz_k72_saradc_4b_nonlinear_8a_30e.smt2	/Users/kunalsheth/Documents/new_dreal/AMS-verification-bundle-of-sticks/saradc/rolled/1mhz_k72_saradc_4b_nonlinear_8a_30e.smt2
1mhz_k28_saradc_3b_box_4a_-1e.smt2	/Users/kunalsheth/Documents/new_dreal/AMS-verification-bundle-of-sticks/saradc/rolled/1mhz_k28_saradc_3b_box_4a_-1e.smt2
1mhz_k20_saradc_2b_box_4a_-1e.smt2	/Users/kunalsheth/Documents/new_dreal/AMS-verification-bundle-of-sticks/saradc/rolled/1mhz_k20_saradc_2b_box_4a_-1e.smt2
1mhz_k40_saradc_2b_box_8a_-1e.smt2	/Users/kunalsheth/Documents/new_dreal/AMS-verification-bundle-of-sticks/saradc/rolled/1mhz_k40_saradc_2b_box_8a_-1e.smt2
github_oct5_0hz_k64_cardomain_car-9-flat-nonlinear.drh.o.smt2	/Users/kunalsheth/Documents/new_dreal/nraode_to_nra/drealgithub_sunoct5/rolled/0hz_k64_cardomain_car-9-flat-nonlinear.drh.o.smt2
github_oct5_0hz_k2_prostate_prostate_h2.drh.o.smt2	/Users/kunalsheth/Documents/new_dreal/nraode_to_nra/drealgithub_sunoct5/rolled/0hz_k2_prostate_prostate_h2.drh.o.smt2
github_oct5_0hz_k2048_atrial_fibrillation_new_cardiac_stim.drh.o.smt2	/Users/kunalsheth/Documents/new_dreal/nraode_to_nra/drealgithub_sunoct5/rolled/0hz_k2048_atrial_fibrillation_new_cardiac_stim.drh.o.smt2
github_oct5_0hz_k64_cardomain_car-7-flat-nonlinear.drh.o.smt2	/Users/kunalsheth/Documents/new_dreal/nraode_to_nra/drealgithub_sunoct5/rolled/0hz_k64_cardomain_car-7-flat-nonlinear.drh.o.smt2
