tacas_c2e2_0hz_k11_10000.0clkhz_uniform_inverter_ramp.hyxml_SAT.drh.o.smt2	/Users/kunalsheth/Documents/new_dreal/nraode_to_nra/VNAMSCwI_satoct11/rolled/0hz_k11_10000.0clkhz_uniform_inverter_ramp.hyxml_SAT.drh.o.smt2
tacas_c2e2_0hz_k13_10000.0clkhz_uniform_inverter_sigmoid.hyxml_SAT.drh.o.smt2	/Users/kunalsheth/Documents/new_dreal/nraode_to_nra/VNAMSCwI_satoct11/rolled/0hz_k13_10000.0clkhz_uniform_inverter_sigmoid.hyxml_SAT.drh.o.smt2
tacas_c2e2_0hz_k17_50000.0clkhz_uniform_NOR__sigmoid.hyxml_SAT.drh.o.smt2	/Users/kunalsheth/Documents/new_dreal/nraode_to_nra/VNAMSCwI_satoct11/rolled/0hz_k17_50000.0clkhz_uniform_NOR__sigmoid.hyxml_SAT.drh.o.smt2
tacas_c2e2_0hz_k112_20000.0clkhz_hybrid_inverter_sigmoid.hyxml_UNS.drh.o.smt2	/Users/kunalsheth/Documents/new_dreal/nraode_to_nra/VNAMSCwI_satoct11/rolled/0hz_k112_20000.0clkhz_hybrid_inverter_sigmoid.hyxml_UNS.drh.o.smt2
tacas_c2e2_0hz_k12_50000.0clkhz_uniform_OR_sigmoid.hyxml_UNS.drh.o.smt2	/Users/kunalsheth/Documents/new_dreal/nraode_to_nra/VNAMSCwI_satoct11/rolled/0hz_k12_50000.0clkhz_uniform_OR_sigmoid.hyxml_UNS.drh.o.smt2
github_oct5_0hz_k2_prostate_prostate_h2.drh.o.smt2	/Users/kunalsheth/Documents/new_dreal/nraode_to_nra/drealgithub_sunoct5/rolled/0hz_k2_prostate_prostate_h2.drh.o.smt2
github_oct5_0hz_k2_prostate_cancer_scaled_prostate_infix.drh.o.smt2	/Users/kunalsheth/Documents/new_dreal/nraode_to_nra/drealgithub_sunoct5/rolled/0hz_k2_prostate_cancer_scaled_prostate_infix.drh.o.smt2
github_oct5_0hz_k256_thermostat_thermostat-double-network-sat.drh.n.smt2	/Users/kunalsheth/Documents/new_dreal/nraode_to_nra/drealgithub_sunoct5/rolled/0hz_k256_thermostat_thermostat-double-network-sat.drh.n.smt2
github_oct5_0hz_k128_quad_quad2-1.drh.o.smt2	/Users/kunalsheth/Documents/new_dreal/nraode_to_nra/drealgithub_sunoct5/rolled/0hz_k128_quad_quad2-1.drh.o.smt2
github_oct5_0hz_k16_crazyflie_stabilizer.drh.o.smt2	/Users/kunalsheth/Documents/new_dreal/nraode_to_nra/drealgithub_sunoct5/rolled/0hz_k16_crazyflie_stabilizer.drh.o.smt2
github_oct5_0hz_k2048_atrial_fibrillation_new_cardiac_stim.drh.o.smt2	/Users/kunalsheth/Documents/new_dreal/nraode_to_nra/drealgithub_sunoct5/rolled/0hz_k2048_atrial_fibrillation_new_cardiac_stim.drh.o.smt2
github_oct5_0hz_k128_water_water-double-network.drh.n.smt2	/Users/kunalsheth/Documents/new_dreal/nraode_to_nra/drealgithub_sunoct5/rolled/0hz_k128_water_water-double-network.drh.n.smt2
github_oct5_0hz_k256_glucose_control_large_variance.drh.o.smt2	/Users/kunalsheth/Documents/new_dreal/nraode_to_nra/drealgithub_sunoct5/rolled/0hz_k256_glucose_control_large_variance.drh.o.smt2
1mhz_k20_saradc_2b_box_4a_1e.smt2	/Users/kunalsheth/Documents/new_dreal/AMS-verification-bundle-of-sticks/saradc/rolled/1mhz_k20_saradc_2b_box_4a_1e.smt2
1mhz_k70_saradc_3b_nonlinear_10a_14e.smt2	/Users/kunalsheth/Documents/new_dreal/AMS-verification-bundle-of-sticks/saradc/rolled/1mhz_k70_saradc_3b_nonlinear_10a_14e.smt2
1mhz_k72_saradc_4b_nonlinear_8a_30e.smt2	/Users/kunalsheth/Documents/new_dreal/AMS-verification-bundle-of-sticks/saradc/rolled/1mhz_k72_saradc_4b_nonlinear_8a_30e.smt2
1mhz_k40_saradc_2b_box_8a_-1e.smt2	/Users/kunalsheth/Documents/new_dreal/AMS-verification-bundle-of-sticks/saradc/rolled/1mhz_k40_saradc_2b_box_8a_-1e.smt2
tacas_c2e2_0hz_k10_50000.0clkhz_uniform_OR_sigmoid.hyxml_SAT.drh.o.smt2	/Users/kunalsheth/Documents/new_dreal/nraode_to_nra/VNAMSCwI_satoct11/rolled/0hz_k10_50000.0clkhz_uniform_OR_sigmoid.hyxml_SAT.drh.o.smt2
