odeexpr_box_sweep.ising__phi_7	/Users/kunalsheth/Documents/new_dreal/ode_expressivity/benchmarks/box_sweep/ising__phi_7__6d532e33.smt2
odeexpr_box_sweep.ising__phi_pi	/Users/kunalsheth/Documents/new_dreal/ode_expressivity/benchmarks/box_sweep/ising__phi_pi__3155f059.smt2
odeexpr_box_sweep.ising__phi_pi_2	/Users/kunalsheth/Documents/new_dreal/ode_expressivity/benchmarks/box_sweep/ising__phi_pi_2__51a11f0e.smt2
odeexpr_box_sweep.ising__theta_2pi_5	/Users/kunalsheth/Documents/new_dreal/ode_expressivity/benchmarks/box_sweep/ising__theta_2pi_5__05a70ee6.smt2
odeexpr_box_sweep.ising__theta_pi_2_m0p1	/Users/kunalsheth/Documents/new_dreal/ode_expressivity/benchmarks/box_sweep/ising__theta_pi_2_m0p1__7ca3fcba.smt2
odeexpr_box_sweep.tanh_decrease__J0.6	/Users/kunalsheth/Documents/new_dreal/ode_expressivity/benchmarks/box_sweep/tanh_decrease__J0.6__02e5272f.smt2
odeexpr_box_sweep.tanh_decrease__J1.0	/Users/kunalsheth/Documents/new_dreal/ode_expressivity/benchmarks/box_sweep/tanh_decrease__J1.0__26f0909b.smt2
odeexpr_box_sweep.tanh_decrease__xwin1.5	/Users/kunalsheth/Documents/new_dreal/ode_expressivity/benchmarks/box_sweep/tanh_decrease__xwin1.5__d6786df8.smt2
odeexpr_box_sweep.tanh_decrease__xwin2.0	/Users/kunalsheth/Documents/new_dreal/ode_expressivity/benchmarks/box_sweep/tanh_decrease__xwin2.0__c7726bef.smt2
odeexpr_cs2_lyapunov__corrected_V	/Users/kunalsheth/Documents/new_dreal/ode_expressivity/benchmarks/medium/cs2_lyapunov__corrected_V__becc120f.smt2
odeexpr_cs2_overclaim__published_E	/Users/kunalsheth/Documents/new_dreal/ode_expressivity/benchmarks/medium/cs2_overclaim__published_E__41cb254f.smt2
odeexpr_cs2b_contraction__local	/Users/kunalsheth/Documents/new_dreal/ode_expressivity/benchmarks/medium/cs2b_contraction__local__e84f9768.smt2
odeexpr_cs2b_dgas__decrease	/Users/kunalsheth/Documents/new_dreal/ode_expressivity/benchmarks/medium/cs2b_dgas__decrease__c50884ab.smt2
odeexpr_cs2b_dgas__observation	/Users/kunalsheth/Documents/new_dreal/ode_expressivity/benchmarks/easy/cs2b_dgas__observation__de289b94.smt2
odeexpr_cs2b_dgas__positivity	/Users/kunalsheth/Documents/new_dreal/ode_expressivity/benchmarks/easy/cs2b_dgas__positivity__4da307ca.smt2
odeexpr_cs3_expressivity__decrease	/Users/kunalsheth/Documents/new_dreal/ode_expressivity/benchmarks/hard/cs3_expressivity__decrease__347bdbf1.smt2
odeexpr_cs3_expressivity__observation	/Users/kunalsheth/Documents/new_dreal/ode_expressivity/benchmarks/easy/cs3_expressivity__observation__243842d1.smt2
odeexpr_cs3_expressivity__positivity	/Users/kunalsheth/Documents/new_dreal/ode_expressivity/benchmarks/easy/cs3_expressivity__positivity__ea5e1961.smt2
odeexpr_cs4_equivalence__decrease	/Users/kunalsheth/Documents/new_dreal/ode_expressivity/benchmarks/medium/cs4_equivalence__decrease__e72c4fa2.smt2
odeexpr_cs4_equivalence__observation	/Users/kunalsheth/Documents/new_dreal/ode_expressivity/benchmarks/easy/cs4_equivalence__observation__8196b80f.smt2
odeexpr_cs4_equivalence__positivity	/Users/kunalsheth/Documents/new_dreal/ode_expressivity/benchmarks/easy/cs4_equivalence__positivity__5fb91cb4.smt2
odeexpr_cs5c_sigmoid__decrease	/Users/kunalsheth/Documents/new_dreal/ode_expressivity/benchmarks/hard/cs5c_sigmoid__decrease__cb884e22.smt2
odeexpr_cs5c_sigmoid__observation	/Users/kunalsheth/Documents/new_dreal/ode_expressivity/benchmarks/easy/cs5c_sigmoid__observation__3a16927c.smt2
odeexpr_cs5c_sigmoid__positivity	/Users/kunalsheth/Documents/new_dreal/ode_expressivity/benchmarks/easy/cs5c_sigmoid__positivity__e512a772.smt2
odeexpr_ising_chain__stability	/Users/kunalsheth/Documents/new_dreal/ode_expressivity/benchmarks/easy/ising_chain__stability__8dd25aeb.smt2
odeexpr_kuramoto_gradient__stability	/Users/kunalsheth/Documents/new_dreal/ode_expressivity/benchmarks/easy/kuramoto_gradient__stability__f079d8dd.smt2
odeexpr_nbody_momentum__decrease	/Users/kunalsheth/Documents/new_dreal/ode_expressivity/benchmarks/easy/nbody_momentum__decrease__111d5c18.smt2
odeexpr_size_sweep.aim_poly_vs_poly2__N2__decrease	/Users/kunalsheth/Documents/new_dreal/ode_expressivity/benchmarks/size_sweep/aim_poly_vs_poly2__N2__decrease__7ce388e6.smt2
odeexpr_size_sweep.aim_poly_vs_poly2__N3__decrease	/Users/kunalsheth/Documents/new_dreal/ode_expressivity/benchmarks/size_sweep/aim_poly_vs_poly2__N3__decrease__4c4208e4.smt2
odeexpr_size_sweep.aim_poly_vs_poly2__N4__decrease	/Users/kunalsheth/Documents/new_dreal/ode_expressivity/benchmarks/size_sweep/aim_poly_vs_poly2__N4__decrease__85e644ed.smt2
odeexpr_size_sweep.aim_tanh_vs_mlp2__N2__decrease	/Users/kunalsheth/Documents/new_dreal/ode_expressivity/benchmarks/size_sweep/aim_tanh_vs_mlp2__N2__decrease__0581aef4.smt2
odeexpr_size_sweep.aim_tanh_vs_mlp2__N3__decrease	/Users/kunalsheth/Documents/new_dreal/ode_expressivity/benchmarks/size_sweep/aim_tanh_vs_mlp2__N3__decrease__5a9dc81a.smt2
odeexpr_size_sweep.aim_tanh_vs_mlp2__N4__decrease	/Users/kunalsheth/Documents/new_dreal/ode_expressivity/benchmarks/size_sweep/aim_tanh_vs_mlp2__N4__decrease__a796687c.smt2
odeexpr_size_sweep.kuramoto__N2	/Users/kunalsheth/Documents/new_dreal/ode_expressivity/benchmarks/size_sweep/kuramoto__N2__9f17f5a6.smt2
odeexpr_size_sweep.kuramoto__N3	/Users/kunalsheth/Documents/new_dreal/ode_expressivity/benchmarks/size_sweep/kuramoto__N3__1388f580.smt2
odeexpr_size_sweep.kuramoto__N4	/Users/kunalsheth/Documents/new_dreal/ode_expressivity/benchmarks/size_sweep/kuramoto__N4__a0d47f84.smt2
odeexpr_size_sweep.kuramoto__N5	/Users/kunalsheth/Documents/new_dreal/ode_expressivity/benchmarks/size_sweep/kuramoto__N5__6dedf82c.smt2
odeexpr_size_sweep.kuramoto__N6	/Users/kunalsheth/Documents/new_dreal/ode_expressivity/benchmarks/size_sweep/kuramoto__N6__0ae61280.smt2
odeexpr_size_sweep.kuramoto_doe__N2	/Users/kunalsheth/Documents/new_dreal/ode_expressivity/benchmarks/size_sweep/kuramoto_doe__N2__b6998fed.smt2
odeexpr_size_sweep.kuramoto_doe__N3	/Users/kunalsheth/Documents/new_dreal/ode_expressivity/benchmarks/size_sweep/kuramoto_doe__N3__57d00acd.smt2
odeexpr_size_sweep.kuramoto_doe__N4	/Users/kunalsheth/Documents/new_dreal/ode_expressivity/benchmarks/size_sweep/kuramoto_doe__N4__52a8af8b.smt2
odeexpr_size_sweep.kuramoto_doe__N5	/Users/kunalsheth/Documents/new_dreal/ode_expressivity/benchmarks/size_sweep/kuramoto_doe__N5__2cecb632.smt2
odeexpr_size_sweep.kuramoto_doe__N6	/Users/kunalsheth/Documents/new_dreal/ode_expressivity/benchmarks/size_sweep/kuramoto_doe__N6__f25589d4.smt2
odeexpr_tanh.composite_lipschitz_i0	/Users/kunalsheth/Documents/new_dreal/ode_expressivity/benchmarks/tanh_coupling/composite_lipschitz_i0__9ca62531.smt2
odeexpr_tanh.composite_lipschitz_i1	/Users/kunalsheth/Documents/new_dreal/ode_expressivity/benchmarks/tanh_coupling/composite_lipschitz_i1__024716f1.smt2
odeexpr_tanh.decrease_d_i__tau0.0015	/Users/kunalsheth/Documents/new_dreal/ode_expressivity/benchmarks/tanh_coupling/decrease_d_i__tau0.0015__cb193651.smt2
odeexpr_tanh.decrease_d_i__tau0.0025	/Users/kunalsheth/Documents/new_dreal/ode_expressivity/benchmarks/tanh_coupling/decrease_d_i__tau0.0025__cd88adb9.smt2
odeexpr_tanh.decrease_exact__tau0.0015	/Users/kunalsheth/Documents/new_dreal/ode_expressivity/benchmarks/tanh_coupling/decrease_exact__tau0.0015__3bb5c181.smt2
odeexpr_tanh.decrease_slope__tau0.0015	/Users/kunalsheth/Documents/new_dreal/ode_expressivity/benchmarks/tanh_coupling/decrease_slope__tau0.0015__1ea720a5.smt2
odeexpr_tanh.lipschitz_lemma_2var	/Users/kunalsheth/Documents/new_dreal/ode_expressivity/benchmarks/tanh_coupling/lipschitz_lemma_2var__0eabad5f.smt2
